"","effect1_kw","effect1_gp","effect2_kw","effect2_gp","effect3_gamma","effect4_gamma"
"x1",1.96190418163314,1.98116377787665,1.996711214073,1.99868741212413,0.312641733326018,19.8798115644604
"x2",1.98996076500043,1.9909570608288,1.99452102417126,1.98811151413247,0.141076203435659,0.0215852074325085
"x3",0.0528610209003091,0.00953139644116163,0.21372066764161,0.602770504076034,19.8403603257611,13.5585082368925
