"","effect1_kw","effect1_gp","effect2_kw","effect2_gp","effect3_gamma","effect4_gamma"
"x1",1.98877502186224,1.99900508439168,1.98944342462346,1.99979666713625,0.0471633253619075,19.9411106156185
"x2",1.98628438822925,0.0120238154195249,1.11262699589133,0.000146930571645498,9.71565172076225,19.9324452131987
"x3",1.98594228923321,1.9829248576425,1.98998362245038,1.9942922545597,0.0114394165575504,0.0153637118637562
