"","effect1_kw","effect1_gp","effect2_kw","effect2_gp","effect3_gamma","effect4_gamma"
"x1",1.99460494192317,1.99041150417179,1.99858440412208,1.94108033645898,0.0492265913635492,0.00758366193622351
"x2",0.01582135213539,0.013177546672523,1.9920015851967,1.97767614386976,19.9493990186602,0.14842189848423
"x3",1.53161631571129,0.00801173783838749,1.9763550828211,1.99947390984744,0.788613203912973,19.901054543443
