"","effect1_kw","effect1_gp","effect2_kw","effect2_gp","effect3_gamma","effect4_gamma"
"x1",1.99460494192317,1.99171961890534,1.97767614386976,1.9990781522356,0.0125617580488324,0.0470048701390624
"x2",1.95851408829913,0.512026156764477,0.00404151668772101,0.014842189848423,3.89244080521166,16.8732505757362
"x3",1.9855236178264,1.9920015851967,0.0138883735053241,1.9901054543443,0.0997915072366595,0.0356592983007431
"x4",1.99041150417179,1.9763550828211,0.0232965517789125,0.0083847725763917,0.423634559847414,5.58952387422323
"x5",0.0331259085796773,1.94108033645898,0.446490492671728,0.00584025355055928,0.174313434399664,19.9375262437388
