"","effect1_kw","effect1_gp","effect2_kw","effect2_gp","effect3_gamma","effect4_gamma"
"x1",1.95583459548652,1.96430911822245,1.99918993096799,1.98558296170086,0.129372491501272,0.13875815551728
"x2",1.97737235669047,1.99369872827083,1.98584869736806,1.99135791976005,0.0616093305870891,0.79767344519496
"x3",0.0912674120627344,1.99791637295857,1.4190562069416e-05,0.00771029852330685,0.444976119324565,19.9426827766001
"x4",1.81341338530183,1.9952117241919,1.99921631161124,1.99819058831781,0.173809882253408,0.245331977494061
"x5",0.353853718843311,0.00208105565980077,0.83484315359965,0.0899518202058971,19.7910610912368,6.84724483173341
