"","effect1_kw","effect1_gp","effect2_kw","effect2_gp","effect3_gamma","effect4_gamma"
"x1",1.96807542257011,1.9888560064137,1.99925896944478,1.97069272724912,0.330385537818074,0.13626154512167
"x2",0.0784686896950006,0.00512423878535628,0.192096745129675,0.00188799574971199,19.7708140918985,19.7282740008086
"x3",0.794519875664264,1.99961086641997,1.9996358375065,1.99735341640189,2.82335012219846,0.176614266820252
